03/23/2023,23-0322014,3/22/2023 11:55 PM,Offense,"40:966(C)(2)",Possession of Marijuana,Cleared,3279 Dalrymple Dr,,LSU
03/22/2023,23-0320002,3/20/2023 1:41 AM,Non-Crime,52A,ALARM FIRE,Cleared,4568 Dalrymple Dr,,LSU
03/22/2023,23-0322012,3/22/2023 5:47 PM,Non-Crime,INFO,"NON-CRIMINAL INFORMATIONONLY",Cleared,3606 Nicholson Dr,,LSU
03/22/2023,23-0322006,3/22/2023 12:45 PM,Offense,14:67,Theft,Open,204 S Stadium Dr,,LSU
03/22/2023,23-0322007,3/22/2023 12:47 PM,Offense,14:59/A6,"Criminal Mischief - ThrowingRocks / Dangerous Objects",Open,3753 W Lakeshore Dr,,LSU
03/22/2023,23-0322001,3/22/2023 8:14 AM,Non-Crime,INFO,911 HANG-UP/OPEN LINE,Cleared,1-207 Football Ops Lot,,LSU
03/22/2023,23-0322004,3/22/2023 10:39 AM,Offense,14:56,"Simple Criminal Damage ToProperty",Open,4354 Dalrymple Dr,,LSU
03/22/2023,23-0322002,3/22/2023 8:28 AM,Non-Crime,24,MEDICAL EMERGENCY,Cleared,255 S Stadium Dr,,LSU
03/21/2023,23-0321014,3/21/2023 8:36 PM,Non-Crime,62A,ALARM INTRUSION,Cleared,100 Tower Dr,,LSU
03/21/2023,23-0321011,3/21/2023 6:19 PM,eCrash,,,Cleared,186 Tower Dr,,LSU
03/21/2023,23-0321010,3/21/2023 6:13 PM,Non-Crime,INFO,PUBLIC/MOTORIST ASSIST,Cleared,146 Football Ops Lot,,LSU
03/21/2023,23-0321007,3/21/2023 3:11 PM,Offense,14:100,Hit And Run,Open,534 S Quad Dr,,LSU
03/21/2023,23-0321005,3/21/2023 1:52 PM,Non-Crime,107,SUSPICIOUS INCIDENT,Cleared,S Stadium Dr / Tower Dr,,LSU
03/21/2023,23-0321004,3/21/2023 11:29 AM,Non-Crime,INFO,911 HANG-UP/OPEN LINE,Cleared,377 Tower Dr,,LSU
03/21/2023,23-0321001,3/21/2023 9:41 AM,Non-Crime,52A,ALARM FIRE,Cleared,140 Tower Dr,,LSU
03/20/2023,23-0320013,3/20/2023 3:59 PM,Offense,14:67,Theft,Open,100 Tower Dr,,LSU
03/20/2023,23-0320012,3/20/2023 1:18 PM,Non-Crime,107,SUSPICIOUS INCIDENT,Cleared,184 E Campus Dr,,LSU
03/20/2023,23-0320009,3/20/2023 11:41 AM,Offense,14:56,"Simple Criminal Damage ToProperty",Cleared,115 Pentagon Lot,,LSU
03/20/2023,23-0320004,3/20/2023 6:47 AM,Offense,32:212,"Pedestrians right-of-way incrosswalks",Cleared,Highland Rd / S Stadium Dr,,LSU
03/20/2023,23-0320007,3/20/2023 7:37 AM,eCrash,,,Cleared,Nicholson Dr / Burbank Dr,,LSU
03/20/2023,23-0320005,3/20/2023 6:58 AM,Non-Crime,62A,ALARM INTRUSION,Cleared,101 Gateway Center Ln,,LSU
03/20/2023,23-0320001,3/20/2023 12:54 AM,Non-Crime,INFO,"NON-CRIMINAL INFORMATIONONLY",Cleared,230 Campus Lake Ln,,LSU
03/20/2023,23-0320003,3/20/2023 2:34 AM,Offense,"C.CR.P. ART575",Fugitive,,167 Spruce Ln,,LSU
03/20/2023,23-0319013,3/19/2023 11:26 PM,Non-Crime,52A,ALARM FIRE,Cleared,727 S Campus Dr,,LSU
03/19/2023,23-0319009,3/19/2023 9:30 PM,Non-Crime,INFO,PUBLIC/MOTORIST ASSIST,Cleared,91 PMAC LOT,,LSU
03/19/2023,23-0319008,3/19/2023 8:43 PM,Non-Crime,24,MEDICAL EMERGENCY,Cleared,727 S Campus Dr,,LSU
03/19/2023,23-0319005,3/19/2023 5:49 PM,Offense,14:67/Z,Theft,Open,375 W Roosevelt St,,Baton Rouge
03/19/2023,23-0319003,3/19/2023 2:08 PM,Non-Crime,62A,ALARM INTRUSION,Cleared,16 Infirmary Ln,,LSU
03/19/2023,23-0319001,3/19/2023 6:59 AM,Non-Crime,52A,ALARM FIRE,Cleared,223 S Campus Dr,,LSU
03/18/2023,23-0318006,3/18/2023 11:10 PM,Non-Crime,62A,ALARM INTRUSION,Cleared,3624 Nicholson Dr,,LSU
03/18/2023,23-0318004,3/18/2023 9:14 PM,Non-Crime,INFO,ELEVATOR ENTRAPMENT,Cleared,109 Gateway Center Ln,,LSU
03/18/2023,23-0318001,3/18/2023 1:00 AM,Non-Crime,52A,ALARM FIRE,Cleared,235 Field House Dr,,LSU
03/17/2023,23-0317006,3/17/2023 6:47 PM,Non-Crime,INFO,"NON-CRIMINAL INFORMATIONONLY",Cleared,91 Pmac Lot,,LSU
03/17/2023,23-0317005,3/17/2023 4:43 PM,Non-Crime,62A,ALARM INTRUSION,Cleared,140 Tower Dr,,LSU
03/17/2023,23-0317002,3/17/2023 3:18 PM,Non-Crime,INFO,911 HANG-UP/OPEN LINE,Cleared,155 N Stadium Dr,,LSU
03/16/2023,23-0316008,3/16/2023 9:22 PM,Non-Crime,26910,Investigation,Open,204 S Stadium Dr,,LSU
03/16/2023,23-0316006,3/16/2023 2:47 PM,Non-Crime,INFO,AID AND ASSIST,Cleared,W Chimes St / Highland Rd,,LSU
03/16/2023,23-0316004,3/16/2023 11:36 AM,Non-Crime,INFO,911 HANG-UP/OPEN LINE,Cleared,542-587 S Campus Dr,,LSU
03/16/2023,23-0316002,3/16/2023 6:18 AM,Non-Crime,107,SUSPICIOUS INCIDENT,Cleared,3606 Nicholson Dr,,LSU
03/15/2023,23-0315007,3/15/2023 9:35 PM,Non-Crime,14:59/A1,"Criminal Mischief - Depriving UseOr Access To Property",Closed,530 S Campus Dr,,LSU
03/15/2023,23-0315006,3/15/2023 2:44 PM,Non-Crime,62A,ALARM INTRUSION,,181 Field House Dr,,LSU
03/15/2023,23-0315003,3/15/2023 10:00 AM,Non-Crime,,,Cleared,E Boyd Dr / Burbank Dr,,Baton Rouge
03/15/2023,23-0315001,3/15/2023 6:52 AM,Non-Crime,62A,ALARM INTRUSION,Cleared,3810 W Lakeshore Dr,,LSU
03/14/2023,23-0314006,3/14/2023 10:01 PM,Non-Crime,D34,"FOUND AND RECOVEREDPROPERTY",Cleared,3617 Gourrier Ave,,LSU
03/14/2023,23-0314004,3/14/2023 8:43 PM,Non-Crime,14:66,Extortion,Open,3492 Nicholson Dr,,LSU
03/14/2023,23-0314002,3/14/2023 4:52 PM,Non-Crime,D35,WELFARE CONCERN,Cleared,492 S Campus Dr,,LSU
03/13/2023,23-0313006,3/13/2023 10:35 PM,Non-Crime,62A,ALARM INTRUSION,Cleared,3624 Nicholson Dr,,LSU
03/13/2023,23-0313004,3/13/2023 10:39 AM,Non-Crime,62A,ALARM INTRUSION,Cleared,140 Tower Dr,,LSU
03/13/2023,23-0313003,3/13/2023 7:47 AM,Non-Crime,INFO,FIRE,Cleared,588 Tower Dr,,LSU
03/13/2023,23-0313001,3/13/2023 4:27 AM,Offense,14:98,"Operating A Vehicle WhileIntoxicated",Cleared,230 Campus Lake Ln,,LSU
03/12/2023,23-0310004,3/10/2023 11:02 AM,Non-Crime,INFO,911 HANG-UP/OPEN LINE,Cleared,54 Tower Dr,,LSU
03/12/2023,23-0312005,3/12/2023 12:54 PM,Non-Crime,INFO,"NON-CRIMINAL INFORMATIONONLY",Cleared,91 Pmac Lot,,LSU
03/12/2023,23-0312002,3/12/2023 3:45 AM,Non-Crime,24,MEDICAL EMERGENCY,Cleared,3163 Dalrymple Dr,,LSU
03/11/2023,23-0311010,3/11/2023 10:20 PM,Non-Crime,D34,"FOUND AND RECOVEREDPROPERTY",Cleared,204 S Stadium Dr,,LSU
03/11/2023,23-0311008,3/11/2023 1:22 PM,Non-Crime,INFO,FIRE,Cleared,3796 Nicholson Dr,,LSU
03/11/2023,23-0311006,3/11/2023 11:18 AM,Offense,14:62/Z,"Simple Burglary/Theft fromMotor Vehicle",Open,3999 Nicholson Dr,,Baton Rouge
03/11/2023,23-0311004,3/11/2023 8:44 AM,Non-Crime,D35,WELFARE CONCERN,Cleared,109 Gateway Center Ln,,LSU
03/11/2023,23-0311002,3/11/2023 1:54 AM,Non-Crime,INFO,"NON-CRIMINAL INFORMATIONONLY",Cleared,10 Gateway North Lot,,LSU
03/10/2023,23-0310013,3/10/2023 11:08 PM,Non-Crime,INFO,"NON-CRIMINAL INFORMATIONONLY",Cleared,253 E Campus Dr,,LSU
03/10/2023,23-0310011,3/10/2023 7:49 PM,Non-Crime,INFO,"NON-CRIMINAL INFORMATIONONLY",Cleared,3365 Dalrymple Dr,,LSU
03/10/2023,23-0310006,3/10/2023 12:59 PM,Non-Crime,D34,"FOUND AND RECOVEREDPROPERTY",Cleared,181 Field House Dr,,LSU
03/10/2023,23-0310007,3/10/2023 1:15 PM,Non-Crime,INFO,911 HANG-UP/OPEN LINE,Cleared,59 N Greek Row Lot,,LSU
03/10/2023,23-0310009,3/10/2023 1:52 PM,Offense,40:1023C,Possession of Drug Paraphernalia,Cleared,82 East Campus Lot,,LSU
03/10/2023,23-0310005,3/10/2023 11:10 AM,Non-Crime,INFO,911 HANG-UP/OPEN LINE,Cleared,81 N Greek Row Lot,,LSU
03/10/2023,23-0309002,3/9/2023 10:50 AM,Non-Crime,D34,"FOUND AND RECOVEREDPROPERTY",Cleared,204 S Stadium Dr,,LSU
03/10/2023,23-0310001,3/10/2023 1:12 AM,Non-Crime,107,SUSPICIOUS INCIDENT,Cleared,4053 Highland Rd,,LSU
03/09/2023,23-0309014,3/9/2023 9:14 PM,Non-Crime,62A,ALARM INTRUSION,Cleared,3926 Highland Rd,,LSU
03/09/2023,23-0307014,3/7/2023 6:02 PM,eCrash,INFO,VEHICLE INCIDENT,Cleared,Gourrier Ave / Nicholson Dr,,LSU
03/09/2023,23-0309009,3/9/2023 3:37 PM,Non-Crime,D34,"FOUND AND RECOVEREDPROPERTY",Cleared,223 S Campus Dr,,LSU
03/09/2023,23-0309004,3/9/2023 1:10 PM,Offense,INFO,"NON-CRIMINAL INFORMATIONONLY",Open,3970 W Lakeshore Dr,,LSU
03/09/2023,23-0309008,3/9/2023 3:25 PM,Non-Crime,INFO,KEY INCIDENT,Cleared,284 Field House Dr,,LSU
03/09/2023,23-0309003,3/9/2023 10:23 AM,Offense,14:100,Hit And Run,Cleared,3650 NICHOLSON DR,,LSU
03/09/2023,23-0309001,3/9/2023 8:37 AM,eCrash,,,Closed,169 Spruce Ln,,LSU
03/08/2023,23-0308014,3/8/2023 7:35 PM,Non-Crime,D35,WELFARE CONCERN,Cleared,3947 Highland Rd,,LSU
03/08/2023,23-0308015,3/8/2023 7:47 PM,Non-Crime,INFO,DRUG COMPLAINT,Cleared,3383 Alaska St,,LSU
03/08/2023,23-0308010,3/8/2023 4:17 PM,Non-Crime,24,MEDICAL EMERGENCY,Cleared,284 Field House Dr,,LSU
03/08/2023,23-0308007,3/8/2023 11:39 AM,Non-Crime,INFO,VEHICLE INCIDENT,Cleared,204 S Stadium Dr,,LSU
03/08/2023,23-0308006,3/8/2023 11:41 AM,Non-Crime,INFO,911 HANG-UP/OPEN LINE,Cleared,379 S Quad Dr,,LSU
03/08/2023,23-0308005,3/8/2023 11:21 AM,Non-Crime,INFO,ELEVATOR ENTRAPMENT,Cleared,230 Campus Lake Ln,,LSU
"",,,,,,,,,
03/08/2023,23-0308001,3/8/2023 8:42 AM,Non-Crime,INFO,"NON-CRIMINAL INFORMATIONONLY",Cleared,4030 W Lakeshore Dr,,LSU
03/08/2023,23-0307006,3/7/2023 12:09 PM,Offense,14:62/I,Simple Burglary/Immoveable,Open,214 S Campus Dr,,LSU
03/07/2023,23-0307009,3/7/2023 2:10 PM,Offense,14:70.4,Access Device Fraud,Open,70 Frey Lot,,LSU
03/07/2023,23-0307016,3/7/2023 7:15 PM,Non-Crime,102,COMPLAINT ANIMAL,Cleared,186 Tower Dr,,LSU
03/07/2023,23-0307011,3/7/2023 3:45 PM,Non-Crime,INFO,"NON-CRIMINAL INFORMATIONONLY",Cleared,167 Spruce Ln,,LSU
03/07/2023,23-0307010,3/7/2023 3:15 PM,Offense,14:62/I,Simple Burglary/Immoveable,Open,70 Frey Lot,,LSU
03/07/2023,23-0307008,3/7/2023 2:19 PM,Offense,14:70.4,Access Device Fraud,Open,70 Frey Lot,,LSU
03/07/2023,23-0307005,3/7/2023 10:29 AM,Non-Crime,INFO,VEHICLE INCIDENT,Cleared,727 S Campus Dr,,LSU
03/07/2023,23-0307004,3/7/2023 9:47 AM,Non-Crime,,,Cleared,110 Campus Lake Ln,,LSU
03/07/2023,23-0307003,3/6/2023 8:30 PM,Offense,14:67,Theft,Open,727 S Campus Dr,,LSU
03/07/2023,23-0306010,3/6/2023 11:54 PM,Non-Crime,INFO,"NON-CRIMINAL INFORMATIONONLY",Cleared,167 Spruce Ln,,LSU
03/06/2023,23-0306008,3/6/2023 5:52 PM,Non-Crime,INFO,VEHICLE INCIDENT,Cleared,727 S Campus Dr,,LSU
03/06/2023,23-0306004,3/6/2023 11:55 AM,Non-Crime,INFO,"NON-CRIMINAL INFORMATIONONLY",Cleared,3753 Highland Rd,,LSU
03/06/2023,23-0306006,3/6/2023 12:10 PM,Non-Crime,INFO,"NON-CRIMINAL INFORMATIONONLY",Cleared,3383 Alaska St,,LSU
03/06/2023,23-0306002,3/6/2023 7:30 AM,eCrash,,,Cleared,708 S Stadium Dr,,LSU
03/06/2023,23-0305007,3/5/2023 9:22 PM,Non-Crime,INFO,"NON-CRIMINAL INFORMATIONONLY",Cleared,3383 Alaska St,,LSU
03/05/2023,23-0305004,3/5/2023 4:35 PM,eCrash,14:100,Hit And Run,Cleared,109 Gateway Center Ln,,LSU
03/05/2023,23-0305002,3/5/2023 8:20 AM,Non-Crime,INFO,"NON-CRIMINAL INFORMATIONONLY",Cleared,501 S Quad Dr,,LSU
03/05/2023,23-0305003,3/5/2023 11:54 AM,Offense,14:67,Theft,Cleared,201 E CAMPUS DR,,LSU
03/05/2023,23-0304011,3/4/2023 7:52 PM,Non-Crime,INFO,DRUG COMPLAINT,Cleared,167 Spruce Ln,,LSU
03/05/2023,23-0304012,3/4/2023 8:58 PM,Non-Crime,52A,ALARM FIRE,Cleared,3386 Dalrymple Dr,,LSU
03/04/2023,23-0304010,3/4/2023 7:03 PM,Non-Crime,107,SUSPICIOUS INCIDENT,Cleared,4041 Highland Rd,,LSU
03/04/2023,23-0304008,3/4/2023 4:11 PM,Non-Crime,INFO,911 HANG-UP/OPEN LINE,Cleared,1-139 W Stadium Dr,,LSU
03/04/2023,23-0304006,3/4/2023 7:55 AM,Non-Crime,52A,ALARM FIRE,Cleared,928 W Chimes St,,LSU
03/04/2023,23-0303014,3/3/2023 11:58 PM,Non-Crime,D35,WELFARE CONCERN,Cleared,202 Pentagon Lot,,LSU
03/04/2023,23-0304001,3/4/2023 12:35 AM,Offense,32:58,"FAIL MAIN CONTROL (CARELESSOPERATION)",Open,S Campus Dr / E Campus Dr,,LSU
03/04/2023,23-0304001,3/4/2023 12:35 AM,Offense,32:123.B,STOP SIGNS,Open,S Campus Dr / E Campus Dr,,LSU
03/04/2023,23-0303013,3/3/2023 11:36 PM,Offense,40:967(C),Possession of Schedule II,Cleared,92 Tower Dr,,LSU
03/04/2023,23-0304005,3/4/2023 2:24 AM,Non-Crime,24,MEDICAL EMERGENCY,Cleared,3487 Alaska St,,LSU
03/04/2023,23-0304002,3/4/2023 12:44 AM,Offense,"C.CR.P. ART202",Warrant/Bench Warrant,Cleared,3383 Alaska St,,LSU
03/03/2023,23-0303009,3/3/2023 4:08 PM,Non-Crime,INFO,"NON-CRIMINAL INFORMATIONONLY",Cleared,3487 Alaska St,,LSU
03/03/2023,23-0303007,3/3/2023 10:08 AM,Non-Crime,D34,"FOUND AND RECOVEREDPROPERTY",Cleared,167 Spruce Ln,,LSU
03/03/2023,23-0303006,3/3/2023 9:12 AM,Non-Crime,INFO,NON-CRIMINAL DAMAGE,Cleared,77 Fraternity Ln,,LSU
03/03/2023,23-0228007,2/28/2023 3:20 PM,Non-Crime,INFO,911 HANG-UP/OPEN LINE,Cleared,100-299 Aster St,,Baton Rouge
03/03/2023,23-0303003,3/3/2023 1:36 AM,Non-Crime,INFO,"NON-CRIMINAL INFORMATIONONLY",Cleared,"Saint Louis St / GovernmentSt",,Baton Rouge
03/03/2023,23-0303002,3/3/2023 12:18 AM,Non-Crime,102,COMPLAINT ANIMAL,Cleared,"S Stadium Dr / W LakeshoreDr",,LSU
03/02/2023,23-0302010,3/2/2023 9:02 PM,Offense,14:34.9,Battery Of A Dating Partner,Cleared,3951 Highland Rd,,LSU
03/02/2023,23-0302007,3/2/2023 1:19 PM,Non-Crime,INFO,911 HANG-UP/OPEN LINE,Cleared,3900-3949 Dalrymple Dr,,LSU
03/02/2023,23-0302005,3/2/2023 11:42 AM,Non-Crime,INFO,VEHICLE INCIDENT,Cleared,"S STADIUM DR / NICHOLSONDR",,LSU
03/02/2023,23-0302006,3/2/2023 11:40 AM,Non-Crime,INFO,"NON-CRIMINAL INFORMATIONONLY",Cleared,284 Field House Dr,,LSU
03/02/2023,23-0302002,3/2/2023 10:28 AM,Non-Crime,INFO,911 HANG-UP/OPEN LINE,Cleared,4090 W Lakeshore Dr,,LSU
03/02/2023,23-0301013,3/1/2023 12:32 PM,Non-Crime,D34,"FOUND AND RECOVEREDPROPERTY",Cleared,255 S Stadium Dr,,LSU
03/01/2023,23-0301017,3/1/2023 10:04 PM,Non-Crime,D35,WELFARE CONCERN,Cleared,204 S Stadium Dr,,LSU
03/01/2023,23-0301015,3/1/2023 5:56 PM,Offense,14:106,Obscenity,Cleared,115 Pentagon Lot,,LSU
03/01/2023,23-0301010,3/1/2023 11:49 AM,Offense,14:328,"Obstruction Or InterferenceWith Members Of Staff,Faculty,Or Students Of EducationalInstitutions; Trespass,Damage ToProperty;Felony;",Cleared,181 Field House Dr,,LSU
03/01/2023,23-0301011,3/1/2023 11:54 AM,Non-Crime,INFO,KEY INCIDENT,Cleared,146 Football Ops Lot,,LSU
03/01/2023,23-0301009,3/1/2023 11:22 AM,eCrash,,,Cleared,4401 Dalrymple Dr,,LSU
03/01/2023,23-0301006,3/1/2023 10:05 AM,Non-Crime,INFO,911 HANG-UP/OPEN LINE,Cleared,3900 - 3999 W Lakeshore Dr,,LSU
03/01/2023,23-0301008,3/1/2023 10:10 AM,Non-Crime,"DISTURBANCE - NON-CRIMINAL",DISTURBANCE - NON-CRIMINAL,Cleared,178 Tower Dr,,LSU
03/01/2023,23-0301003,3/1/2023 6:38 AM,Non-Crime,24,MEDICAL EMERGENCY,Cleared,113 Gateway Center Ln,,LSU
03/01/2023,23-0301001,3/1/2023 12:36 AM,Non-Crime,103N,COMPLAINT NOISE,Cleared,3554 Nicholson Dr,,LSU
03/01/2023,23-0228014,2/28/2023 9:47 PM,Non-Crime,INFO,VEHICLE INCIDENT,Cleared,GATEWAY GARAGE,,
02/28/2023,23-0228011,2/28/2023 6:01 PM,Offense,14:100,Hit And Run,Closed,379 S Quad Dr,,LSU
02/28/2023,23-0228004,2/28/2023 1:48 PM,Offense,14:56,"Simple Criminal Damage ToProperty",Closed,109 Gateway Center Ln,,LSU
02/28/2023,23-0228006,2/28/2023 2:34 PM,Non-Crime,107,SUSPICIOUS INCIDENT,Cleared,375 W Roosevelt St,,Baton Rouge
02/28/2023,23-0228009,2/28/2023 5:17 PM,Non-Crime,INFO,"NON-CRIMINAL INFORMATIONONLY",Cleared,204 S Stadium Dr,,LSU
02/28/2023,23-0228001,2/28/2023 10:45 AM,Non-Crime,52A,ALARM FIRE,Cleared,223 S Campus Dr,,LSU
02/28/2023,23-0214009,2/14/2023 3:08 PM,Offense,14:100,Hit And Run,Closed,3487 Alaska St,,LSU
02/28/2023,23-0227004,2/27/2023 12:44 PM,Non-Crime,INFO,KEY INCIDENT,Cleared,40 Frey Lot,,LSU
02/28/2023,23-0227010,2/27/2023 6:37 PM,Non-Crime,107,SUSPICIOUS INCIDENT,Cleared,N Stadium Dr / Nicholson Dr,,LSU
02/27/2023,23-0227007,2/27/2023 3:26 PM,Non-Crime,INFO,ELEVATOR ENTRAPMENT,Cleared,4067 Highland Rd,,LSU
02/27/2023,23-0227008,2/27/2023 3:33 PM,Non-Crime,INFO,ELEVATOR ENTRAPMENT,Cleared,363 S Campus Dr,,LSU
02/27/2023,23-0227005,2/27/2023 2:09 PM,Non-Crime,INFO,"NON-CRIMINAL INFORMATIONONLY",Cleared,204 S Stadium Dr,,LSU
02/27/2023,23-0227001,2/27/2023 7:45 AM,Non-Crime,INFO,911 HANG-UP/OPEN LINE,Cleared,105 E Campus Dr,,LSU
02/26/2023,23-0226010,2/26/2023 7:12 PM,Non-Crime,52A,ALARM FIRE,Cleared,202 Pentagon Lot,,LSU
02/26/2023,23-0226009,2/26/2023 4:41 PM,Non-Crime,"DISTURBANCE - NON-CRIMINAL",DISTURBANCE - NON-CRIMINAL,Cleared,167 Spruce Ln,,LSU
02/26/2023,23-0226007,2/26/2023 11:16 AM,Non-Crime,62A,ALARM INTRUSION,Cleared,190 Field House Dr,,LSU
02/26/2023,23-0225011,2/25/2023 6:27 PM,Non-Crime,62A,ALARM INTRUSION,Cleared,100 Tower Dr,,LSU
02/26/2023,23-0226002,2/26/2023 1:08 AM,Offense,14:108.1C,"Aggravated Flight From AnOfficer",Open,E Campus Dr / Dalrymple Dr,,LSU
02/26/2023,23-0226002,2/26/2023 1:08 AM,Offense,32:51,LIC PLATE REQUIRED/STATE,Open,E Campus Dr / Dalrymple Dr,,LSU
02/26/2023,23-0226003,2/26/2023 2:00 AM,Non-Crime,107,SUSPICIOUS INCIDENT,Cleared,238 Aster St,,LSU
02/26/2023,23-0226001,2/26/2023 12:09 AM,Non-Crime,52A,ALARM FIRE,Cleared,530 S Campus Dr,,LSU
02/25/2023,23-0223013,2/23/2023 4:08 PM,Non-Crime,24,MEDICAL EMERGENCY,Cleared,446 Skip Bertman Dr,,LSU
02/25/2023,23-0225010,2/25/2023 4:05 PM,Non-Crime,INFO,911 HANG-UP/OPEN LINE,Cleared,2288 Gourrier Ave,,LSU
02/25/2023,23-0225008,2/25/2023 11:35 AM,Non-Crime,D35,WELFARE CONCERN,Cleared,167 Spruce Ln,,LSU
02/25/2023,23-0225006,2/25/2023 8:38 AM,Non-Crime,INFO,911 HANG-UP/OPEN LINE,Cleared,61-110 Tower Dr,,LSU
02/25/2023,23-0225005,2/25/2023 4:16 AM,Non-Crime,D35,WELFARE CONCERN,Cleared,4580 Dalrymple Dr,,LSU
02/25/2023,23-0225003,2/25/2023 2:42 AM,Non-Crime,D35,WELFARE CONCERN,Cleared,928 W Chimes St,,LSU
02/24/2023,23-0224016,2/24/2023 9:59 PM,eCrash,,,Cleared,144 Field House Dr,,LSU
02/24/2023,23-0224015,2/24/2023 5:56 PM,eCrash,,,Cleared,527 Aster St,,LSU
02/24/2023,23-0224013,2/24/2023 4:39 PM,Non-Crime,24,MEDICAL EMERGENCY,Cleared,140 Tower Dr,,LSU
02/24/2023,23-0224011,2/24/2023 1:36 PM,Offense,14:67.12,"Theft of a catalytic converter orengine control module",Closed,27 Vet Ln,,LSU
02/24/2023,23-0224010,2/24/2023 1:41 PM,Non-Crime,52A,ALARM FIRE,Cleared,235 Field House Dr,,LSU
02/24/2023,23-0224004,2/24/2023 9:28 AM,Non-Crime,24,MEDICAL EMERGENCY,Cleared,379 S Quad Dr,,LSU
02/24/2023,23-0224002,2/24/2023 8:44 AM,Non-Crime,INFO,911 HANG-UP/OPEN LINE,Cleared,4189 Dalrymple Dr,,LSU
02/23/2023,23-0223019,2/23/2023 10:45 PM,Non-Crime,D35,WELFARE CONCERN,Cleared,167 Spruce Ln,,LSU
02/23/2023,23-0223018,2/23/2023 8:54 PM,Offense,14:37.4,"Aggravated Assault With AFirearm",Cleared,3554 Nicholson Dr,,LSU
02/23/2023,23-0223016,2/23/2023 6:15 PM,Non-Crime,INFO,911 HANG-UP/OPEN LINE,Cleared,714 W Chimes St,,LSU
02/23/2023,23-0223014,2/23/2023 5:30 PM,Non-Crime,INFO,"NON-CRIMINAL INFORMATIONONLY",Cleared,223 S Campus Dr,,LSU
02/23/2023,23-0223006,2/23/2023 11:03 AM,Offense,14:100,Hit And Run,Closed,93 S Quad Dr,,LSU
02/23/2023,23-0223012,2/23/2023 2:16 PM,Non-Crime,INFO,"NON-CRIMINAL INFORMATIONONLY",Cleared,64 Pmac Lot,,LSU
02/23/2023,23-0223009,2/23/2023 11:46 AM,eCrash,,,Cleared,2323 Gourrier Ave,,LSU
02/23/2023,23-0223004,2/23/2023 8:48 AM,Non-Crime,,,,93 S Quad Dr,,LSU
02/23/2023,23-0223004,2/23/2023 8:48 AM,eCrash,,,Cleared,93 S Quad Dr,,LSU
02/23/2023,23-0223003,2/23/2023 4:29 AM,Offense,40:1023C,Possession of Drug Paraphernalia,Cleared,184 E Campus Dr,,LSU
02/23/2023,23-0223003,2/23/2023 4:29 AM,Offense,"40:966(C)(2)",Possession of Marijuana,Cleared,184 E Campus Dr,,LSU
02/23/2023,23-0223001,2/23/2023 12:15 AM,Non-Crime,D35,WELFARE CONCERN,Cleared,3947 Highland Rd,,LSU
02/22/2023,23-0222009,2/22/2023 6:14 PM,Non-Crime,62A,ALARM INTRUSION,Cleared,236 Field House Dr,,LSU
02/22/2023,23-0222008,2/22/2023 4:20 PM,Non-Crime,INFO,PUBLIC/MOTORIST ASSIST,Cleared,3465 Nicholson Dr,,LSU
02/22/2023,23-0222005,2/22/2023 10:46 AM,Offense,14:100,Hit And Run,Closed,134 W Stadium Dr,,LSU
02/22/2023,23-0222004,2/22/2023 5:45 AM,Non-Crime,24,MEDICAL EMERGENCY,Cleared,3383 Alaska St,,LSU
02/22/2023,23-0222003,2/22/2023 12:32 AM,Non-Crime,D35,WELFARE CONCERN,Cleared,391 S Campus Dr,,LSU
02/21/2023,23-0221007,2/21/2023 7:51 PM,Non-Crime,24,MEDICAL EMERGENCY,Cleared,3487 Alaska St,,LSU
02/21/2023,23-0221005,2/21/2023 9:20 AM,Non-Crime,INFO,"NON-CRIMINAL INFORMATIONONLY",Cleared,"16333 Louisiana Highway1085",,Covington
02/21/2023,23-0221002,2/21/2023 12:28 PM,Offense,14:108.1,Flight From An Officer,Open,Highland Rd / E Chimes St,,LSU
02/21/2023,23-0221003,2/21/2023 12:56 PM,eCrash,,,Cleared,Highland Rd / S Campus Dr,,LSU
02/20/2023,23-0220006,2/20/2023 10:00 PM,Offense,14:62/Z,"Simple Burglary/Theft fromMotor Vehicle",Open,152 Gateway Garage Ln,,LSU
02/20/2023,23-0220002,2/20/2023 9:27 AM,Non-Crime,D34,"FOUND AND RECOVEREDPROPERTY",Cleared,204 S Stadium Dr,,LSU
02/20/2023,23-0220003,2/20/2023 9:13 AM,Non-Crime,INFO,NON-CRIMINAL DAMAGE,Cleared,223 S Campus Dr,,LSU
02/20/2023,23-0220001,2/20/2023 4:13 AM,eCrash,14:100,Hit And Run,Cleared,3610 Nicholson Dr,,LSU
02/19/2023,23-0219001,2/19/2023 1:26 PM,Non-Crime,INFO,ELEVATOR ENTRAPMENT,Cleared,149 Spruce Ln,,LSU
02/18/2023,23-0218009,2/18/2023 7:45 PM,Non-Crime,D35,WELFARE CONCERN,Cleared,3947 Highland Rd,,LSU
02/18/2023,23-0218008,2/18/2023 6:26 PM,Non-Crime,24,MEDICAL EMERGENCY,Cleared,3532 Nicholson Dr,,LSU
02/18/2023,23-0218007,2/18/2023 4:13 PM,Non-Crime,24,MEDICAL EMERGENCY,Cleared,3617 GOURRIER AVE,,LSU
02/18/2023,23-0218004,2/18/2023 11:05 AM,Non-Crime,62A,ALARM PANIC,Cleared,3636 Nicholson Dr,,LSU
02/18/2023,23-0218002,2/18/2023 7:52 AM,Non-Crime,D34,"FOUND AND RECOVEREDPROPERTY",Cleared,204 S Stadium Dr,,LSU
02/18/2023,23-0217018,2/17/2023 10:59 PM,Non-Crime,INFO,ELEVATOR ENTRAPMENT,Cleared,149 Spruce Ln,,LSU
02/17/2023,23-0217017,2/17/2023 7:23 PM,Non-Crime,52A,ALARM FIRE,Cleared,45 Lab School Service Lot,,LSU
02/17/2023,23-0217015,2/17/2023 5:22 PM,Non-Crime,INFO,"NON-CRIMINAL INFORMATIONONLY",Cleared,204 S Stadium Dr,,LSU
02/17/2023,23-0217014,2/17/2023 4:27 PM,Non-Crime,INFO,911 HANG-UP/OPEN LINE,Cleared,1157 Ben Hur Rd,,LSU
02/17/2023,23-0217008,2/17/2023 10:46 AM,Non-Crime,INFO,NON-CRIMINAL DAMAGE,Cleared,3605 Nicholson Dr,,LSU
02/17/2023,23-0217012,2/17/2023 2:04 PM,Non-Crime,INFO,"NON-CRIMINAL INFORMATIONONLY",Cleared,3951 Highland Rd,,LSU
02/17/2023,23-0217009,2/17/2023 12:31 PM,Non-Crime,,,Cleared,204 S Stadium Dr,,LSU
02/17/2023,23-0217007,2/17/2023 10:34 AM,Non-Crime,D35,WELFARE CONCERN,Cleared,928 W Chimes St,,LSU
02/17/2023,23-0217001,2/17/2023 7:33 AM,Non-Crime,62A,ALARM INTRUSION,Cleared,101 Gateway Center Ln,,LSU
02/17/2023,23-0216017,2/16/2023 11:40 PM,Non-Crime,D34,"FOUND AND RECOVEREDPROPERTY",Cleared,64 PMAC LOT,,LSU
02/17/2023,23-0216014,2/16/2023 11:05 PM,Non-Crime,D35,WELFARE CONCERN,Cleared,4053 Highland Rd,,LSU
02/16/2023,23-0216012,2/16/2023 7:50 PM,Non-Crime,INFO,VEHICLE INCIDENT,Cleared,155 N Stadium Dr,,LSU
02/16/2023,23-0216010,2/16/2023 5:55 PM,Non-Crime,24,MEDICAL EMERGENCY,,3532 NICHOLSON DR,,LSU
02/16/2023,23-0216008,2/16/2023 4:35 PM,eCrash,,,Cleared,184 E Campus Dr,,LSU
02/16/2023,23-0216006,2/16/2023 3:22 PM,Non-Crime,INFO,"NON-CRIMINAL INFORMATIONONLY",Cleared,98 N Stadium Dr,,LSU
02/16/2023,23-0216003,2/16/2023 9:08 AM,Non-Crime,D34,"FOUND AND RECOVEREDPROPERTY",Cleared,204 S Stadium Dr,,LSU
02/16/2023,23-0216002,2/16/2023 8:24 AM,Non-Crime,INFO,NON-CRIMINAL DAMAGE,Cleared,4048 Highland Rd,,LSU
02/16/2023,23-0216001,2/16/2023 1:58 AM,Offense,14:108,Resisting An Officer,Cleared,109 GATEWAY CENTER LN,,LSU
02/15/2023,23-0215012,2/15/2023 10:36 PM,Non-Crime,24,MEDICAL EMERGENCY,Cleared,727 S Campus Dr,,LSU
02/15/2023,23-0215010,2/15/2023 5:25 PM,Non-Crime,INFO,"NON-CRIMINAL INFORMATIONONLY",Cleared,93 S Quad Dr,,LSU
02/15/2023,23-0215008,2/15/2023 3:02 PM,eCrash,,,Cleared,534 S Quad Dr,,LSU
02/15/2023,23-0215005,2/15/2023 12:47 PM,Non-Crime,INFO,PUBLIC/MOTORIST ASSIST,Cleared,4090 W Lakeshore Dr,,LSU
02/15/2023,23-0215002,2/15/2023 9:44 AM,Non-Crime,INFO,911 HANG-UP/OPEN LINE,Cleared,3900-3998 Nicholson Dr,,LSU
02/15/2023,23-0215001,2/15/2023 8:17 AM,Non-Crime,INFO,911 HANG-UP/OPEN LINE,Cleared,377 Tower Dr,,LSU
02/14/2023,23-0214015,2/14/2023 7:52 PM,Non-Crime,24,MEDICAL EMERGENCY,Cleared,202 Pentagon Lot,,LSU
02/14/2023,23-0214006,2/14/2023 11:29 AM,eCrash,,,Cleared,91 Ag Center Ln,,LSU
02/14/2023,23-0214010,2/14/2023 6:45 PM,Offense,14:100,Hit And Run,Cleared,230 Campus Lake Ln,,LSU
02/14/2023,23-0213004,2/13/2023 7:58 AM,eCrash,,,Cleared,446 Skip Bertman Dr,,LSU
02/14/2023,23-0214008,2/14/2023 3:08 PM,eCrash,,,Cleared,Nicholson Dr / S Quad Dr,,LSU
02/14/2023,23-0214005,2/14/2023 10:31 AM,Non-Crime,INFO,KEY INCIDENT,Cleared,186 Tower Dr,,LSU
02/14/2023,23-0214003,2/14/2023 10:28 AM,Non-Crime,D34,"FOUND AND RECOVEREDPROPERTY",Cleared,204 S Stadium Dr,,LSU
02/14/2023,23-0214001,2/14/2023 7:58 AM,eCrash,,,Cleared,"NICHOLSON DR / W CHIMESST",,LSU
02/14/2023,23-0213019,2/13/2023 10:24 PM,Non-Crime,D35,WELFARE CONCERN,Cleared,169 Spruce Ln,,LSU
02/13/2023,23-0213020,2/13/2023 10:29 PM,Offense,14:100,Hit And Run,,727 S Campus Dr,,LSU
02/13/2023,23-0213016,2/13/2023 7:11 PM,Offense,14:67,Theft,Cleared,110 Field House Dr,,LSU
02/13/2023,23-0213013,2/13/2023 5:27 PM,Non-Crime,24,MEDICAL EMERGENCY,Cleared,153 Field House Dr,,LSU
02/13/2023,23-0213011,2/13/2023 1:51 PM,Offense,14:62,Simple Burglary,Closed,109 Gateway Center Ln,,LSU
02/13/2023,23-0213006,2/13/2023 9:30 AM,Offense,14:63,Criminal Trespass,Closed,3777 Nicholson Dr,,LSU
02/13/2023,23-0213007,2/13/2023 9:24 AM,Non-Crime,D34,"FOUND AND RECOVEREDPROPERTY",Cleared,204 S Stadium Dr,,LSU
02/13/2023,23-0213005,2/13/2023 8:57 AM,Offense,14:35,Simple Battery,Closed,180 Campus Lake Ln,,LSU
02/13/2023,23-0213003,2/13/2023 7:24 AM,Non-Crime,,,Cleared,4427 Dalrymple Dr,,LSU
02/13/2023,23-0213001,2/13/2023 12:28 AM,Non-Crime,24,MEDICAL EMERGENCY,Cleared,167 Spruce Ln,,LSU
02/12/2023,23-0212009,2/12/2023 6:42 PM,Non-Crime,D35,WELFARE CONCERN,Cleared,928 W Chimes St,,LSU
02/12/2023,23-0212007,2/12/2023 5:30 PM,Non-Crime,INFO,911 HANG-UP/OPEN LINE,Cleared,1-275 Skip Bertman West Lot,,LSU
02/12/2023,23-0212006,2/12/2023 2:37 PM,Non-Crime,62A,ALARM INTRUSION,Cleared,297 Field House Dr,,LSU
02/12/2023,23-0212005,2/12/2023 1:33 PM,Offense,14:67.26,Theft Of A Motor Vehicle.,Closed,527 Aster St,,LSU
02/12/2023,23-0212001,2/12/2023 1:13 AM,Non-Crime,D34,"FOUND AND RECOVEREDPROPERTY",Cleared,530 S Campus Dr,,LSU
02/11/2023,23-0211008,2/11/2023 10:48 PM,Non-Crime,D34,"FOUND AND RECOVEREDPROPERTY",Cleared,492 S Campus Dr,,LSU
02/11/2023,23-0211006,2/11/2023 8:16 PM,Non-Crime,62A,ALARM INTRUSION,Cleared,1157 Ben Hur Rd,,LSU
02/11/2023,23-0211003,2/11/2023 1:59 PM,Non-Crime,INFO,PUBLIC/MOTORIST ASSIST,Cleared,3288 Alaska St,,LSU
02/11/2023,23-0211001,2/11/2023 4:30 AM,Non-Crime,INFO,911 HANG-UP/OPEN LINE,Cleared,1157 BEN HUR RD,,"BATONROUGE"
02/10/2023,23-0210013,2/10/2023 10:15 PM,Non-Crime,INFO,FIRE,Cleared,4053 Highland Rd,,LSU
02/10/2023,23-0210011,2/10/2023 4:42 PM,Non-Crime,INFO,PUBLIC/MOTORIST ASSIST,Cleared,3532 Nicholson Dr,,LSU
02/10/2023,23-0210009,2/10/2023 11:59 AM,Non-Crime,107,SUSPICIOUS INCIDENT,Cleared,Highland Rd / E Parker Blvd,,Baton Rouge
02/10/2023,23-0210007,2/10/2023 10:31 AM,Offense,14:63,Criminal Trespass,Closed,727 S Campus Dr,,LSU
02/10/2023,23-0210004,2/10/2023 9:15 AM,Non-Crime,52A,ALARM FIRE,Cleared,3487 Alaska St,,LSU
02/10/2023,23-0210005,2/10/2023 9:11 AM,Non-Crime,24,MEDICAL EMERGENCY,Cleared,3777 Nicholson Dr,,LSU
02/10/2023,23-0210001,2/10/2023 12:05 AM,Non-Crime,INFO,AID AND ASSIST,Cleared,96 VETERANS DR,,LSU
02/09/2023,23-0209012,2/9/2023 6:50 PM,Non-Crime,107,SUSPICIOUS INCIDENT,Cleared,3537 Highland Rd,,LSU
02/09/2023,23-0209010,2/9/2023 4:54 PM,Offense,14:67,Theft,Cleared,363 S Campus Dr,,LSU
02/09/2023,23-0209009,2/9/2023 2:53 PM,Offense,"14:108(B)(1)(c)","Resisting an Officer - Refusal ToGive Name Or Make IdentityKnown",Cleared,3383 Alaska St,,LSU
02/09/2023,23-0209003,2/9/2023 10:39 AM,Non-Crime,INFO,"NON-CRIMINAL INFORMATIONONLY",Cleared,501 S Quad Dr,,LSU
02/09/2023,23-0209005,2/9/2023 12:17 PM,Non-Crime,14:34.9,Battery Of A Dating Partner,Cleared,204 S STADIUM DR,,LSU
02/09/2023,23-0209004,2/9/2023 10:45 AM,Non-Crime,INFO,911 HANG-UP/OPEN LINE,Cleared,1157 Ben Hur Rd,,LSU
02/09/2023,23-0208016,2/8/2023 11:22 PM,Non-Crime,52A,ALARM FIRE,Cleared,3617 Gourrier Ave,,LSU
02/08/2023,23-0208014,2/8/2023 9:47 PM,Non-Crime,INFO,"NON-CRIMINAL INFORMATIONONLY",Cleared,158 Pentagon Lot,,LSU
02/08/2023,23-0208011,2/8/2023 1:54 PM,Non-Crime,INFO,"NON-CRIMINAL INFORMATIONONLY",Cleared,214 S Campus Dr,,LSU
02/08/2023,23-0208010,2/8/2023 1:46 PM,Offense,INFO,"NON-CRIMINAL INFORMATIONONLY",Cleared,115 PENTAGON LOT,,LSU
02/08/2023,23-0208009,2/8/2023 12:12 PM,Non-Crime,24,MEDICAL EMERGENCY,Cleared,167 Spruce Ln,,LSU
02/08/2023,23-0208008,2/8/2023 12:06 PM,Offense,14:100,Hit And Run,Cleared,501 S Quad Dr,,LSU
02/08/2023,23-0207008,2/7/2023 3:40 PM,Non-Crime,D34,"FOUND AND RECOVEREDPROPERTY",Cleared,204 S Stadium Dr,,LSU
02/08/2023,23-0208005,2/8/2023 8:49 AM,eCrash,,,Cleared,Highland Rd / W Parker Blvd,,LSU
02/08/2023,23-0208001,2/8/2023 1:11 AM,Non-Crime,103N,COMPLAINT NOISE,Cleared,61 Pentagon Lot,,Baton Rouge
02/07/2023,23-0207018,2/7/2023 6:34 PM,Offense,INFO,NON-CRIMINAL DAMAGE,Cleared,3930 W Lakeshore Dr,,LSU
02/07/2023,23-0207020,2/7/2023 8:44 PM,Non-Crime,62A,ALARM INTRUSION,Cleared,70 Frey Lot,,LSU
02/07/2023,23-0207014,2/7/2023 4:50 PM,Non-Crime,24,MEDICAL EMERGENCY,Cleared,727 S Campus Dr,,LSU
02/07/2023,23-0207015,2/7/2023 5:16 PM,Non-Crime,24,MEDICAL EMERGENCY,Cleared,3947 Highland Rd,,LSU
02/07/2023,23-0207010,2/7/2023 1:16 PM,Non-Crime,INFO,VEHICLE INCIDENT,Cleared,3964 Dalrymple Dr,,LSU
02/07/2023,23-0207009,2/7/2023 5:08 PM,Non-Crime,24,MEDICAL EMERGENCY,Cleared,Infirmary rd,,Baton Rouge
02/07/2023,23-0207012,2/7/2023 4:21 PM,Non-Crime,INFO,NON-CRIMINAL DAMAGE,Cleared,Dalrymple Dr / Infirmary Ln,,LSU
02/07/2023,23-0207004,2/7/2023 12:16 PM,Non-Crime,INFO,"NON-CRIMINAL INFORMATIONONLY",Cleared,204 S Stadium Dr,,LSU
02/07/2023,23-0207003,2/7/2023 8:57 AM,Non-Crime,D34,"FOUND AND RECOVEREDPROPERTY",Cleared,204 S Stadium Dr,,LSU
02/07/2023,23-0207001,2/7/2023 2:23 AM,Non-Crime,24,MEDICAL EMERGENCY,Cleared,3399 ALASKA ST,,LSU
02/06/2023,23-0206014,2/6/2023 10:29 PM,Offense,INFO,VEHICLE INCIDENT,Cleared,204 S Stadium Dr,,LSU
02/06/2023,23-0206012,2/6/2023 8:31 PM,Non-Crime,INFO,911 HANG-UP/OPEN LINE,Cleared,115 Pentagon Lot,,LSU
02/06/2023,23-0206010,2/6/2023 6:17 PM,Offense,14:59/A5,"Criminal Mischief - False ReportOf A Crime",Cleared,3650 Nicholson Dr,,LSU
02/06/2023,23-0206008,2/6/2023 5:20 PM,Non-Crime,INFO,PUBLIC/MOTORIST ASSIST,Cleared,204 S Stadium Dr,,LSU
02/06/2023,23-0206006,2/6/2023 3:07 PM,Non-Crime,52A,ALARM FIRE,Cleared,202 Pentagon Lot,,LSU
02/06/2023,23-0206005,2/6/2023 11:25 AM,Non-Crime,INFO,"NON-CRIMINAL INFORMATIONONLY",Cleared,379 S Quad Dr,,LSU
02/06/2023,23-0206003,2/6/2023 9:23 AM,Offense,14:56,"Simple Criminal Damage ToProperty",Closed,255 Field House Dr,,LSU
02/06/2023,23-0206002,2/6/2023 8:42 AM,Offense,14:56,"Simple Criminal Damage ToProperty",Closed,3863 Highland Rd,,LSU
02/06/2023,23-0205010,2/5/2023 7:56 PM,Offense,14:40.3,Cyberstalking/Electronic Mail,Cleared,3606 Nicholson Dr (nic),,LSU
02/05/2023,23-0204001,2/4/2023 12:56 AM,Non-Crime,107,SUSPICIOUS INCIDENT,Cleared,253 E Campus Dr,,LSU
02/05/2023,23-0205011,2/5/2023 7:58 PM,eCrash,,,Cleared,Dalrymple Dr / Highland Rd,,LSU
02/05/2023,23-0205007,2/5/2023 3:22 PM,Non-Crime,INFO,PUBLIC/MOTORIST ASSIST,Cleared,185 Tower Dr,,LSU
02/05/2023,23-0204011,2/4/2023 2:18 PM,Non-Crime,INFO,PUBLIC/MOTORIST ASSIST,Cleared,"HIGHLAND RD / W PARKERBLVD",,LSU
02/05/2023,23-0204013,2/5/2023 10:43 AM,Non-Crime,INFO,PUBLIC/MOTORIST ASSIST,Cleared,3951 Highland Rd,,LSU
02/05/2023,23-0205003,2/5/2023 1:53 AM,Non-Crime,107,SUSPICIOUS INCIDENT,Cleared,4053 Highland Rd,,LSU
02/05/2023,23-0205002,2/5/2023 12:49 AM,Non-Crime,INFO,ELEVATOR ENTRAPMENT,Cleared,391 S Campus Dr,,LSU
02/04/2023,23-0204015,2/4/2023 11:34 PM,Non-Crime,D35,WELFARE CONCERN,Cleared,64 Pmac Lot,,LSU
02/04/2023,23-0203011,2/3/2023 8:39 PM,Non-Crime,24,MEDICAL EMERGENCY,Cleared,64 Pmac Lot,,LSU
02/04/2023,23-0204012,2/4/2023 5:56 PM,Non-Crime,107,SUSPICIOUS INCIDENT,Cleared,S Quad Dr / Highland Rd,,LSU
02/04/2023,23-0204009,2/4/2023 1:19 PM,Non-Crime,INFO,PUBLIC/MOTORIST ASSIST,Cleared,3487 Alaska St,,LSU
02/04/2023,23-0204007,2/4/2023 11:46 AM,Non-Crime,INFO,VEHICLE INCIDENT,Cleared,3642 Nicholson Dr,,LSU
02/04/2023,23-0204005,2/4/2023 4:14 AM,Offense,14:34.1,Second Degree Battery,Closed,530 S Campus Dr,,LSU
02/04/2023,23-0204002,2/4/2023 1:32 AM,Offense,14:206,Fire Prevention Interference,Closed,230 Campus Lake Ln,,LSU
02/03/2023,23-0203009,2/3/2023 7:36 PM,Non-Crime,D34,"FOUND AND RECOVEREDPROPERTY",Cleared,3532 Nicholson Dr,,LSU
02/03/2023,23-0203007,2/3/2023 5:26 PM,Non-Crime,INFO,ELEVATOR ENTRAPMENT,Cleared,3532 Nicholson Dr,,LSU
02/03/2023,23-0203005,2/3/2023 2:36 PM,Non-Crime,INFO,"NON-CRIMINAL INFORMATIONONLY",Cleared,169 Spruce Ln,,LSU
02/03/2023,23-0203003,2/3/2023 11:05 AM,Non-Crime,24,MEDICAL EMERGENCY,Cleared,115 Pentagon Lot,,LSU
02/03/2023,23-0203001,2/3/2023 7:33 AM,Non-Crime,62A,ALARM INTRUSION,Cleared,4030 W Lakeshore Dr,,LSU
02/02/2023,23-0202016,2/2/2023 7:03 PM,Non-Crime,107,SUSPICIOUS INCIDENT,Cleared,3863 Highland Rd,,LSU
02/02/2023,23-0202017,2/2/2023 6:52 PM,Offense,14:67,Theft,Closed,3606 Nicholson Dr,,LSU
02/02/2023,23-0202019,2/2/2023 7:16 PM,eCrash,,,Cleared,501 Aster St,,LSU
02/02/2023,23-0202010,2/2/2023 1:50 PM,Offense,14:66,Extortion,Open,530 S Campus Dr,,LSU
02/02/2023,23-0202012,2/2/2023 4:53 PM,Non-Crime,INFO,DRUG COMPLAINT,Cleared,158 Pentagon Lot,,LSU
02/02/2023,23-0202011,2/2/2023 1:53 PM,Non-Crime,INFO,LOST PROPERTY,Cleared,178 Tower Dr,,LSU
02/02/2023,23-0202008,2/2/2023 12:14 PM,Non-Crime,52A,ALARM FIRE,Cleared,4536 Dalrymple Dr,,LSU
02/02/2023,23-0202005,2/2/2023 10:51 AM,Non-Crime,INFO,VEHICLE INCIDENT,Cleared,109 Gateway Center Ln,,LSU
02/02/2023,23-0202003,2/2/2023 8:48 AM,eCrash,,,Cleared,Highland Rd / S Stadium Dr,,LSU
02/02/2023,23-0202001,2/2/2023 8:01 AM,Non-Crime,26910,Investigation,Cleared,204 S Stadium Dr,,LSU
02/01/2023,23-0201017,2/1/2023 8:27 PM,Non-Crime,D35,WELFARE CONCERN,Cleared,928 W Chimes St,,LSU
02/01/2023,23-0201016,2/1/2023 5:55 PM,Non-Crime,INFO,ELEVATOR ENTRAPMENT,Cleared,492 S Campus Dr,,LSU
02/01/2023,23-0201012,2/1/2023 3:09 PM,Non-Crime,INFO,"NON-CRIMINAL INFORMATIONONLY",Cleared,530 S Campus Dr,,LSU
02/01/2023,23-0201011,2/1/2023 2:50 PM,Non-Crime,INFO,PUBLIC/MOTORIST ASSIST,Cleared,202 Veterans Dr,,LSU
02/01/2023,23-0201008,2/1/2023 1:57 PM,Offense,14:285,"Telephone Communications;Improper Language;Harassment",Closed,3546 Alaska St,,LSU
02/01/2023,23-0201007,2/1/2023 12:58 PM,Non-Crime,INFO,"NON-CRIMINAL INFORMATIONONLY",Cleared,204 S Stadium Dr,,LSU
02/01/2023,23-0201006,2/1/2023 11:47 AM,Offense,14:67.26,Theft Of A Motor Vehicle.,Closed,204 S Stadium Dr,,LSU
02/01/2023,23-0201004,2/1/2023 10:09 AM,Non-Crime,INFO,NON-CRIMINAL DAMAGE,Cleared,3492 Nicholson Dr,,LSU
02/01/2023,23-0201002,2/1/2023 7:22 AM,Non-Crime,24,MEDICAL EMERGENCY,Cleared,446 Skip Bertman Dr,,LSU
02/01/2023,23-0131019,1/31/2023 11:15 PM,Non-Crime,"DISTURBANCE - NON-CRIMINAL",DISTURBANCE - NON-CRIMINAL,Cleared,4053 Highland Rd,,LSU
02/01/2023,23-0201001,2/1/2023 12:30 AM,Non-Crime,103N,COMPLAINT NOISE,Cleared,3383 Alaska St,,LSU
02/01/2023,23-0131016,1/31/2023 11:14 PM,Non-Crime,INFO,"NON-CRIMINAL INFORMATIONONLY",Cleared,3511 Alaska St,,LSU
01/31/2023,23-0131014,1/31/2023 7:42 PM,Non-Crime,107,SUSPICIOUS INCIDENT,Cleared,"HIGHLAND RD / W PARKERBLVD",,LSU
01/31/2023,23-0131005,1/31/2023 1:31 PM,Offense,INFO,"NON-CRIMINAL INFORMATIONONLY",Closed,446 Skip Bertman Dr,,LSU
01/31/2023,23-0131006,1/31/2023 1:37 PM,Offense,14:56,"Simple Criminal Damage ToProperty",Closed,446 Skip Bertman Dr,,LSU
01/31/2023,23-0131008,1/31/2023 1:57 PM,Non-Crime,INFO,NON-CRIMINAL DAMAGE,Cleared,3546 Alaska St,,LSU
01/31/2023,23-0131012,1/31/2023 3:30 PM,Offense,14:106,Obscenity,Cleared,Highland Rd / S Campus Dr,,LSU
01/31/2023,23-0131007,1/31/2023 1:46 PM,Offense,14:100,Hit And Run,Closed,4001 Gourrier Ave,,LSU
01/31/2023,23-0131002,1/31/2023 4:01 AM,Offense,14:100,Hit And Run,Closed,375 W Roosevelt St,,Baton Rouge
01/31/2023,23-0130016,1/30/2023 11:18 PM,Non-Crime,,,Closed,67 Skip Bertman Dr,,Baton Rouge
01/30/2023,23-0130015,1/30/2023 10:20 PM,Non-Crime,D35,WELFARE CONCERN,Cleared,391 S Campus Dr,,LSU
01/30/2023,23-0130010,1/30/2023 8:26 PM,Non-Crime,24,MEDICAL EMERGENCY,Closed,240 S Stadium Dr,,LSU
01/30/2023,23-0130012,1/30/2023 9:15 PM,Non-Crime,D34,"FOUND AND RECOVEREDPROPERTY",Cleared,155 N Stadium Dr,,LSU
01/30/2023,23-0130007,1/30/2023 4:05 PM,Non-Crime,INFO,911 HANG-UP/OPEN LINE,Cleared,3838 W Lakeshore Dr,,LSU
01/30/2023,23-0130003,1/30/2023 9:59 AM,Non-Crime,52A,ALARM FIRE,Cleared,45 Lab School Service Lot,,LSU
01/30/2023,23-0130005,1/30/2023 1:33 PM,Non-Crime,24,MEDICAL EMERGENCY,Cleared,56 Infirmary Ln,,LSU
01/30/2023,23-0130002,1/30/2023 10:01 AM,Non-Crime,107,SUSPICIOUS INCIDENT,Cleared,S Quad Dr / Highland Rd,,LSU
01/29/2023,23-0129014,1/29/2023 8:39 PM,Non-Crime,D35,WELFARE CONCERN,Cleared,4067 Highland Rd,,LSU
01/29/2023,23-0129013,1/29/2023 5:03 PM,Non-Crime,INFO,"NON-CRIMINAL INFORMATIONONLY",Cleared,Nicholson Dr / S Quad Dr,,LSU
01/29/2023,23-0129008,1/29/2023 1:21 PM,Non-Crime,INFO,ELEVATOR ENTRAPMENT,Cleared,391 S Campus Dr,,LSU
01/29/2023,23-0129011,1/29/2023 3:00 PM,Offense,14:38,Simple Assault,Closed,4053 Highland Rd,,LSU
01/29/2023,23-0129005,1/29/2023 11:08 AM,Offense,14:67.26,Theft Of A Motor Vehicle.,Closed,345 Spruce Ln,,LSU
01/29/2023,23-0129003,1/29/2023 9:44 AM,Non-Crime,INFO,PUBLIC/MOTORIST ASSIST,Cleared,4189 Highland Rd,,LSU
01/29/2023,23-0129001,1/29/2023 2:53 AM,Non-Crime,103N,COMPLAINT NOISE,Cleared,3304 Alaska St,,LSU
01/28/2023,23-0128006,1/28/2023 8:22 PM,Non-Crime,62A,ALARM INTRUSION,Cleared,100 Tower Dr,,LSU
01/28/2023,23-0128004,1/27/2023 10:00 AM,Offense,14:100,Hit And Run,Closed,ALASKA ST / ASTER ST,,LSU
01/28/2023,23-0128002,1/28/2023 11:30 AM,Offense,14:100,Hit And Run,Closed,11855 Highland Rd,,LSU
01/28/2023,23-0127014,1/27/2023 11:11 PM,Non-Crime,24,MEDICAL EMERGENCY,Cleared,530 S Campus Dr,,LSU
01/27/2023,23-0127012,1/27/2023 8:21 PM,Offense,14:40.2,Stalking,Closed,4067 Highland Rd,,LSU
01/27/2023,23-0127008,1/27/2023 3:37 PM,eCrash,,,Cleared,"0-135 TOUCHDOWN VILLAGELN",,LSU
01/27/2023,23-0127005,1/27/2023 2:05 PM,Non-Crime,"DISTURBANCE - NON-CRIMINAL",DISTURBANCE - NON-CRIMINAL,Cleared,297 Field House Dr,,LSU
01/27/2023,23-0127006,1/27/2023 2:00 PM,Non-Crime,D35,WELFARE CONCERN,Cleared,449 BEN HUR RD,APT 2102,"BATONROUGE"
01/27/2023,23-0127004,1/27/2023 1:43 PM,Non-Crime,INFO,"NON-CRIMINAL INFORMATIONONLY",Closed,253 E Campus Dr,,LSU
01/27/2023,23-0127002,1/27/2023 9:29 AM,Non-Crime,INFO,911 HANG-UP/OPEN LINE,Cleared,4023 Highland Rd,,LSU
01/26/2023,23-0126017,1/26/2023 9:38 PM,Non-Crime,52A,ALARM FIRE,Cleared,180 Campus Lake Ln,,LSU
01/26/2023,23-0126015,1/26/2023 8:10 PM,Offense,14:67,Theft,Closed,727 S Campus Dr,,LSU
01/26/2023,23-0126009,1/26/2023 2:54 PM,Non-Crime,INFO,911 HANG-UP/OPEN LINE,Closed,1-257 INDIAN MOUNDS LOT,,LSU
01/26/2023,23-0126007,1/26/2023 2:16 PM,Non-Crime,INFO,"NON-CRIMINAL INFORMATIONONLY",Cleared,185 Tower Dr,,LSU
01/26/2023,23-0126012,1/26/2023 4:38 PM,Offense,14:67.12,"Theft of a catalytic converter orengine control module",Closed,379 S Quad Dr,,LSU
01/26/2023,23-0126008,1/26/2023 1:50 PM,eCrash,,,Cleared,85 Gateway Center Ln,,LSU
01/26/2023,23-0126004,1/26/2023 11:41 AM,eCrash,,,Cleared,"Skip Bertman Dr / NicholsonDr",,LSU
01/26/2023,23-0126003,1/26/2023 9:35 AM,Non-Crime,INFO,KEY INCIDENT,Cleared,184 E Campus Dr,,LSU
01/25/2023,23-0125015,1/25/2023 10:21 PM,Offense,24,MEDICAL EMERGENCY,Cleared,3492 Nicholson Dr,,LSU
01/25/2023,23-0125014,1/25/2023 9:33 PM,Non-Crime,24,MEDICAL EMERGENCY,Cleared,110 Campus Lake Ln,,LSU
01/25/2023,23-0125009,1/25/2023 3:39 PM,eCrash,,,Cleared,Veterans Dr / Highland Rd,,LSU
01/25/2023,23-0125010,1/25/2023 3:24 PM,Non-Crime,D35,WELFARE CONCERN,Cleared,16 Infirmary Ln,,LSU
01/25/2023,23-0125007,1/25/2023 1:50 PM,Offense,14:67.12,"Theft of a catalytic converter orengine control module",Closed,204 S Stadium Dr,,LSU
01/25/2023,23-0125006,1/25/2023 11:14 AM,Offense,14:67.12,"Theft of a catalytic converter orengine control module",Closed,501 S Quad Dr,,LSU
01/25/2023,23-0125005,1/25/2023 10:11 AM,Non-Crime,D35,WELFARE CONCERN,Cleared,4534 Dalrymple Dr,,LSU
01/25/2023,23-0125001,1/25/2023 1:31 AM,Non-Crime,INFO,DRUG COMPLAINT,Cleared,3487 Alaska St,,LSU
01/24/2023,23-0124013,1/24/2023 6:20 PM,Non-Crime,INFO,ELEVATOR ENTRAPMENT,Cleared,492 S Campus Dr,,LSU
01/24/2023,23-0124010,1/24/2023 3:24 PM,Offense,14:67,Theft,Closed,100 Tower Dr,,LSU
01/24/2023,23-0124009,1/24/2023 3:04 PM,Non-Crime,107,SUSPICIOUS INCIDENT,Cleared,100 Tower Dr,,LSU
01/24/2023,23-0124006,1/24/2023 9:45 AM,Offense,14:56,"Simple Criminal Damage ToProperty",Closed,492 S Campus Dr,,LSU
01/24/2023,23-0124005,1/24/2023 8:37 AM,Non-Crime,INFO,LOST PROPERTY,Cleared,204 S Stadium Dr,,LSU
01/24/2023,23-0124003,1/24/2023 4:38 AM,Non-Crime,62A,ALARM INTRUSION,Cleared,3624 Nicholson Dr,,LSU
01/24/2023,23-0124001,1/24/2023 12:54 AM,Non-Crime,INFO,"NON-CRIMINAL INFORMATIONONLY",Cleared,169 Spruce Ln,,LSU
01/24/2023,23-0123009,1/23/2023 11:20 PM,eCrash,,,,70 Engineering Ln,,LSU
01/23/2023,23-0123007,1/23/2023 9:20 PM,Non-Crime,52A,ALARM FIRE,Cleared,3743 W Lakeshore Dr,,LSU
01/23/2023,23-0123005,1/23/2023 3:25 PM,Non-Crime,107,SUSPICIOUS INCIDENT,Cleared,2106 Thomas Boyd Dr,,Baton Rouge
01/23/2023,23-0123002,1/23/2023 11:34 AM,Non-Crime,INFO,"NON-CRIMINAL INFORMATIONONLY",Cleared,204 S Stadium Dr,,LSU
01/23/2023,23-0123001,1/23/2023 11:29 AM,Non-Crime,24,MEDICAL EMERGENCY,Cleared,158 Pentagon Lot,,LSU
01/22/2023,23-0122008,1/22/2023 8:07 PM,Offense,40:1023,Prohibited Acts,Cleared,3532 Nicholson Dr,,LSU
01/22/2023,23-0122006,1/22/2023 4:39 PM,Non-Crime,52A,ALARM FIRE,Cleared,3641 Gourrier Ave,,LSU
01/22/2023,23-0122004,1/22/2023 2:31 PM,Non-Crime,D35,WELFARE CONCERN,Cleared,3947 Highland Rd,,LSU
01/22/2023,23-0122002,1/22/2023 7:36 AM,Non-Crime,INFO,PUBLIC/MOTORIST ASSIST,Cleared,3383 Alaska St,,LSU
